"id_livros";"titulo";"autor"
"0";"Quando me descobri negra";"Bianca Santana"
"1";"Seja egoísta com a sua carreira";"Luciano Santos"
"2";"O pequeno príncipe";"Antoine de Saint-Exupéry"
"3";"Eu, Robô";"Isaac Asimov"
"4";"Dom Casmurro";"Machado de Assis"
"5";"O milagre da manhã";"Hal Elrod"
"6";"O poder do hábito";"Charles Duhigg"
"7";"A biblioteca da meia noite";"Matt Haig"
"8";"A menina das palavras";"Léa Caires"
"9";"Um estudo em vermelho";"Árthur Conan Doyle"
"10";"O Cão dos Baskervilles";"Árthur Conan Doyle"
"11";"Memórias póstumas de Brás Cubas";"Machado de Assis"
"12";"O quinze";"Rachel de Queiroz"
"13";"Vidas secas";"Graciliano Ramos"
"14";"Cresça 1% ao dia";"Fernão Battistoni"